,size,diameter,mean_RMSD
cluster0,10,2.2398809776094817,1.5495478159168594
global,10,2.2398809776094817,1.5495478159168594
centers,1,0.0,
