,size,diameter,mean_RMSD
cluster0,7,2.132053823982034,1.338994288002351
cluster1,3,1.5241124097374823,1.1681265749521208
global,10,2.2398809776094817,1.5495478159168594
centers,2,2.053381824363847,2.053381824363847
